{"count":1,"self":6185.601024,"total":84497.821583,"children":{"InitializeActuators":{"count":10,"self":0.000597,"total":0.000597,"children":null},"InitializeSensors":{"count":10,"self":0.0009639999999999999,"total":0.0009639999999999999,"children":null},"AgentSendState":{"count":10328854,"self":32544.296140799997,"total":39553.30792,"children":{"CollectObservations":{"count":20657710,"self":84.141811199999992,"total":84.141812,"children":null},"WriteActionMask":{"count":20657710,"self":14.3112848,"total":14.311285,"children":null},"RequestDecision":{"count":20657710,"self":70.9334976,"total":6910.557575,"children":{"AgentInfo.ToProto":{"count":20657710,"self":59.438924799999995,"total":6839.62408,"children":{"GenerateSensorData":{"count":20657710,"self":202.83143679999998,"total":6780.185155,"children":{"CameraSensor.GetCompressedObservation":{"count":20657710,"self":6577.3535231999995,"total":6577.353716,"children":null}}}}}}}}},"DecideAction":{"count":10328854,"self":38577.458380799995,"total":38577.459493999995,"children":null},"AgentAct":{"count":10328854,"self":142.25825279999998,"total":142.29124099999999,"children":{"AgentInfo.ToProto":{"count":85,"self":0.000466,"total":0.032993,"children":{"GenerateSensorData":{"count":85,"self":0.001246,"total":0.032527,"children":{"CameraSensor.GetCompressedObservation":{"count":85,"self":0.031280999999999996,"total":0.031280999999999996,"children":null}}}}}}},"AgentInfo.ToProto":{"count":105839,"self":0.599456,"total":39.159771,"children":{"GenerateSensorData":{"count":105839,"self":1.4709999999999999,"total":38.560314999999996,"children":{"CameraSensor.GetCompressedObservation":{"count":105839,"self":37.0893152,"total":37.089315,"children":null}}}}}},"gauges":{"Camera.CumulativeReward":{"count":105924,"max":10.5709057,"min":-10,"runningAverage":5.805242,"value":6.06493664,"weightedAverage":6.701105}},"metadata":{"timer_format_version":"0.1.0","start_time_seconds":"1771512777","unity_version":"6000.0.62f1","command_line_arguments":"\/Applications\/Unity\/Hub\/Editor\/6000.0.62f1\/Unity.app\/Contents\/MacOS\/Unity -projectpath \/Users\/laurendemaio\/Documents\/GitHub\/MLAgentsTest -acceptSoftwareTermsForThisRunOnly -useHub -hubIPC -cloudEnvironment production","communication_protocol_version":"1.5.0","com.unity.ml-agents_version":"4.0.0","scene_name":"Camera","end_time_seconds":"1771597275"}}