{"count":1,"self":8563.3007616,"total":22519.039872999998,"children":{"InitializeActuators":{"count":10,"self":0.00077299999999999992,"total":0.00077299999999999992,"children":null},"InitializeSensors":{"count":10,"self":0.00099899999999999989,"total":0.00099899999999999989,"children":null},"AgentSendState":{"count":2000318,"self":5353.0849279999993,"total":6251.388245,"children":{"CollectObservations":{"count":4000640,"self":13.2149728,"total":13.214972999999999,"children":null},"WriteActionMask":{"count":4000640,"self":3.6835687999999998,"total":3.683569,"children":null},"RequestDecision":{"count":4000640,"self":14.068728,"total":881.404776,"children":{"AgentInfo.ToProto":{"count":4000640,"self":12.768364,"total":867.336048,"children":{"GenerateSensorData":{"count":4000640,"self":33.6019456,"total":854.567684,"children":{"CameraSensor.GetCompressedObservation":{"count":4000640,"self":820.9657344,"total":820.96574,"children":null}}}}}}}}},"DecideAction":{"count":2000318,"self":7688.0470016,"total":7688.046847,"children":null},"AgentAct":{"count":2000318,"self":11.131454399999999,"total":11.236775999999999,"children":{"AgentInfo.ToProto":{"count":417,"self":0.0026609999999999997,"total":0.105322,"children":{"GenerateSensorData":{"count":417,"self":0.005271,"total":0.102661,"children":{"CameraSensor.GetCompressedObservation":{"count":417,"self":0.09738999999999999,"total":0.09738999999999999,"children":null}}}}}}},"AgentInfo.ToProto":{"count":21682,"self":0.150448,"total":5.065091,"children":{"GenerateSensorData":{"count":21682,"self":0.261616,"total":4.914643,"children":{"CameraSensor.GetCompressedObservation":{"count":21682,"self":4.6530271999999995,"total":4.653027,"children":null}}}}}},"gauges":{"Camera.CumulativeReward":{"count":22099,"max":10,"min":-10,"runningAverage":4.1729207,"value":5,"weightedAverage":4.234538}},"metadata":{"timer_format_version":"0.1.0","start_time_seconds":"1773364984","unity_version":"6000.0.62f1","command_line_arguments":"\/Applications\/Unity\/Hub\/Editor\/6000.0.62f1\/Unity.app\/Contents\/MacOS\/Unity -projectpath \/Users\/laurendemaio\/GitHub\/MLAgentsTest -acceptSoftwareTermsForThisRunOnly -useHub -hubIPC -cloudEnvironment production","communication_protocol_version":"1.5.0","com.unity.ml-agents_version":"4.0.2","scene_name":"Camera","end_time_seconds":"1773387503"}}