{"count":1,"self":2206.17216,"total":8237.093746999999,"children":{"InitializeActuators":{"count":9,"self":0.000979,"total":0.000979,"children":null},"InitializeSensors":{"count":9,"self":0.0021249999999999997,"total":0.0021249999999999997,"children":null},"AgentSendState":{"count":2778035,"self":11.9936008,"total":995.207645,"children":{"GridSensor.Update":{"count":5000463,"self":847.86611199999993,"total":847.866098,"children":null},"CollectObservations":{"count":5000463,"self":4.183984,"total":4.183984,"children":null},"WriteActionMask":{"count":5000463,"self":1.241892,"total":1.241892,"children":null},"RequestDecision":{"count":5000463,"self":5.7896807999999993,"total":129.92207,"children":{"AgentInfo.ToProto":{"count":5000463,"self":5.1001047999999995,"total":124.13238899999999,"children":{"GenerateSensorData":{"count":5000463,"self":13.646105599999999,"total":119.03228399999999,"children":{"GridSensor.GetCompressedObservation":{"count":5000463,"self":105.38617599999999,"total":105.386179,"children":null}}}}}}}}},"DecideAction":{"count":2778035,"self":5015.5585536,"total":5015.5587449999994,"children":null},"AgentAct":{"count":2778035,"self":15.3956448,"total":15.423321999999999,"children":{"GridSensor.Update":{"count":134,"self":0.023141,"total":0.023141,"children":null},"AgentInfo.ToProto":{"count":134,"self":0.00021999999999999998,"total":0.004536,"children":{"GenerateSensorData":{"count":134,"self":0.000565,"total":0.0043159999999999995,"children":{"GridSensor.GetCompressedObservation":{"count":134,"self":0.003751,"total":0.003751,"children":null}}}}}}},"GridSensor.Update":{"count":22724,"self":3.92039,"total":3.92039,"children":null},"AgentInfo.ToProto":{"count":22724,"self":0.042175,"total":0.808268,"children":{"GenerateSensorData":{"count":22724,"self":0.10623099999999999,"total":0.76609299999999991,"children":{"GridSensor.GetCompressedObservation":{"count":22724,"self":0.659862,"total":0.659862,"children":null}}}}}},"gauges":{"Grid.CumulativeReward":{"count":22858,"max":10.3657379,"min":-10,"runningAverage":5.500226,"value":6.0796876,"weightedAverage":4.79942226}},"metadata":{"timer_format_version":"0.1.0","start_time_seconds":"1772552320","unity_version":"6000.0.62f1","command_line_arguments":"\/Applications\/Unity\/Hub\/Editor\/6000.0.62f1\/Unity.app\/Contents\/MacOS\/Unity -projectpath \/Users\/laurendemaio\/Documents\/GitHub\/MLAgentsTest -acceptSoftwareTermsForThisRunOnly -useHub -hubIPC -cloudEnvironment production","communication_protocol_version":"1.5.0","com.unity.ml-agents_version":"4.0.2","scene_name":"Grid","end_time_seconds":"1772560557"}}