{"count":1,"self":2320.8144896,"total":10351.340546,"children":{"InitializeActuators":{"count":9,"self":0.000669,"total":0.000669,"children":null},"InitializeSensors":{"count":9,"self":0.002436,"total":0.002436,"children":null},"AgentSendState":{"count":2649968,"self":13.930064,"total":2186.72807,"children":{"GridSensor.Update":{"count":4769946,"self":1957.1361792,"total":1957.136264,"children":null},"CollectObservations":{"count":4769946,"self":3.0172749999999997,"total":3.0172749999999997,"children":null},"WriteActionMask":{"count":4769946,"self":1.4338499999999998,"total":1.4338499999999998,"children":null},"RequestDecision":{"count":4769946,"self":6.5578151999999994,"total":211.21061699999998,"children":{"AgentInfo.ToProto":{"count":4769946,"self":5.4387279999999993,"total":204.65280199999998,"children":{"GenerateSensorData":{"count":4769946,"self":15.577633599999999,"total":199.21407399999998,"children":{"GridSensor.GetCompressedObservation":{"count":4769946,"self":183.63644159999998,"total":183.63644,"children":null}}}}}}}}},"DecideAction":{"count":2649968,"self":5818.167296,"total":5818.1673059999994,"children":null},"AgentAct":{"count":2649968,"self":15.816887999999999,"total":16.206924,"children":{"GridSensor.Update":{"count":822,"self":0.347444,"total":0.347444,"children":null},"AgentInfo.ToProto":{"count":822,"self":0.001428,"total":0.042592,"children":{"GenerateSensorData":{"count":822,"self":0.003962,"total":0.041164,"children":{"GridSensor.GetCompressedObservation":{"count":822,"self":0.037202,"total":0.037202,"children":null}}}}}}},"GridSensor.Update":{"count":20372,"self":8.3457271999999989,"total":8.345727,"children":null},"AgentInfo.ToProto":{"count":20372,"self":0.037167,"total":1.0746179999999999,"children":{"GenerateSensorData":{"count":20372,"self":0.099295,"total":1.037451,"children":{"GridSensor.GetCompressedObservation":{"count":20372,"self":0.938156,"total":0.938156,"children":null}}}}}},"gauges":{"Grid.CumulativeReward":{"count":21194,"max":5,"min":-10,"runningAverage":3.686656,"value":5,"weightedAverage":4.999999}},"metadata":{"timer_format_version":"0.1.0","start_time_seconds":"1772848804","unity_version":"6000.0.62f1","command_line_arguments":"\/Applications\/Unity\/Hub\/Editor\/6000.0.62f1\/Unity.app\/Contents\/MacOS\/Unity -projectpath \/Users\/carmine\/Documents\/Development\/MLAgentsTest -acceptSoftwareTermsForThisRunOnly -useHub -hubIPC -cloudEnvironment production","communication_protocol_version":"1.5.0","com.unity.ml-agents_version":"4.0.2","scene_name":"Grid","end_time_seconds":"1772859155"}}