{"count":1,"self":731.9853568,"total":3377.292008,"children":{"InitializeActuators":{"count":12,"self":0.000877,"total":0.000877,"children":null},"InitializeSensors":{"count":12,"self":0.00091599999999999993,"total":0.00091599999999999993,"children":null},"AgentSendState":{"count":1667168,"self":112.9455488,"total":156.661043,"children":{"CollectObservations":{"count":4001208,"self":3.5700768,"total":3.570077,"children":null},"WriteActionMask":{"count":4001208,"self":2.119145,"total":2.119145,"children":null},"RequestDecision":{"count":4001208,"self":7.5800335999999993,"total":38.026272999999996,"children":{"AgentInfo.ToProto":{"count":4001208,"self":6.498276,"total":30.446239,"children":{"GenerateSensorData":{"count":4001208,"self":18.44284,"total":23.947962999999998,"children":{"RayPerceptionSensor.Perceive":{"count":4001208,"self":5.5051232,"total":5.5051229999999993,"children":null}}}}}}}}},"DecideAction":{"count":1667168,"self":2481.8741247999997,"total":2481.874124,"children":null},"AgentAct":{"count":1667168,"self":6.5317311999999994,"total":6.535714,"children":{"AgentInfo.ToProto":{"count":297,"self":0.000937,"total":0.0039829999999999996,"children":{"GenerateSensorData":{"count":297,"self":0.002461,"total":0.0030459999999999997,"children":{"RayPerceptionSensor.Perceive":{"count":297,"self":0.000585,"total":0.000585,"children":null}}}}}}},"AgentInfo.ToProto":{"count":16730,"self":0.061177999999999996,"total":0.233591,"children":{"GenerateSensorData":{"count":16730,"self":0.13700299999999999,"total":0.17241299999999998,"children":{"RayPerceptionSensor.Perceive":{"count":16730,"self":0.03541,"total":0.03541,"children":null}}}}}},"gauges":{"Raycast.CumulativeReward":{"count":17027,"max":5,"min":-10,"runningAverage":4.40324974,"value":5,"weightedAverage":4.52539}},"metadata":{"timer_format_version":"0.1.0","start_time_seconds":"1773325182","unity_version":"6000.0.62f1","command_line_arguments":"\/Applications\/Unity\/Hub\/Editor\/6000.0.62f1\/Unity.app\/Contents\/MacOS\/Unity -projectpath \/Users\/laurendemaio\/GitHub\/MLAgentsTest -acceptSoftwareTermsForThisRunOnly -useHub -hubIPC -cloudEnvironment production","communication_protocol_version":"1.5.0","com.unity.ml-agents_version":"4.0.2","scene_name":"Raycast","end_time_seconds":"1773328560"}}