{"count":1,"self":3094.2932991999996,"total":15631.174466999999,"children":{"InitializeActuators":{"count":12,"self":0.00083,"total":0.00083,"children":null},"InitializeSensors":{"count":12,"self":0.00098399999999999985,"total":0.00098399999999999985,"children":null},"AgentSendState":{"count":6571536,"self":492.4626944,"total":678.214355,"children":{"CollectObservations":{"count":15771696,"self":21.546057599999997,"total":21.546056999999998,"children":null},"WriteActionMask":{"count":15771696,"self":6.0400399999999994,"total":6.0400399999999994,"children":null},"RequestDecision":{"count":15771696,"self":28.7740384,"total":158.165547,"children":{"AgentInfo.ToProto":{"count":15771696,"self":22.2242416,"total":129.39150899999999,"children":{"GenerateSensorData":{"count":15771696,"self":85.5335616,"total":107.16726799999999,"children":{"RayPerceptionSensor.Perceive":{"count":15771696,"self":21.6337072,"total":21.633706999999998,"children":null}}}}}}}}},"DecideAction":{"count":6571536,"self":11776.4169728,"total":11776.416911999999,"children":null},"AgentAct":{"count":6571536,"self":81.1009152,"total":81.102452,"children":{"AgentInfo.ToProto":{"count":81,"self":0.00034199999999999996,"total":0.001536,"children":{"GenerateSensorData":{"count":81,"self":0.000949,"total":0.001194,"children":{"RayPerceptionSensor.Perceive":{"count":81,"self":0.000245,"total":0.000245,"children":null}}}}}}},"AgentInfo.ToProto":{"count":79683,"self":0.26505,"total":1.145177,"children":{"GenerateSensorData":{"count":79683,"self":0.716444,"total":0.880127,"children":{"RayPerceptionSensor.Perceive":{"count":79683,"self":0.163683,"total":0.163683,"children":null}}}}}},"gauges":{"MyBehavior.CumulativeReward":{"count":79764,"max":10.9935751,"min":-10,"runningAverage":5.827557,"value":5.670115,"weightedAverage":6.393459}},"metadata":{"timer_format_version":"0.1.0","start_time_seconds":"1770996713","unity_version":"6000.0.62f1","command_line_arguments":"\/Applications\/Unity\/Hub\/Editor\/6000.0.62f1\/Unity.app\/Contents\/MacOS\/Unity -projectpath \/Users\/carmine\/Documents\/Development\/MLAgentsTest -acceptSoftwareTermsForThisRunOnly -useHub -hubIPC -cloudEnvironment production","communication_protocol_version":"1.5.0","com.unity.ml-agents_version":"4.0.0","scene_name":"SampleScene","end_time_seconds":"1771012345"}}