{"count":1,"self":49.173820799999994,"total":1710.169281,"children":{"InitializeActuators":{"count":24,"self":0.00066599999999999993,"total":0.00066599999999999993,"children":null},"InitializeSensors":{"count":24,"self":0.003845,"total":0.003845,"children":null},"AgentSendState":{"count":64901,"self":554.2378496,"total":758.925022,"children":{"GridSensor.Update":{"count":311544,"self":92.820844799999989,"total":92.820847,"children":null},"CollectObservations":{"count":311544,"self":0.396175,"total":0.396175,"children":null},"WriteActionMask":{"count":311544,"self":0.20546999999999999,"total":0.20546999999999999,"children":null},"RequestDecision":{"count":311544,"self":1.070932,"total":111.26469399999999,"children":{"AgentInfo.ToProto":{"count":311544,"self":0.817207,"total":110.19376199999999,"children":{"GenerateSensorData":{"count":311544,"self":5.7873848,"total":109.376555,"children":{"CameraSensor.GetCompressedObservation":{"count":311544,"self":92.733932799999991,"total":92.733933999999991,"children":null},"GridSensor.GetCompressedObservation":{"count":311544,"self":10.4178544,"total":10.417854,"children":null},"RayPerceptionSensor.Perceive":{"count":311544,"self":0.437382,"total":0.437382,"children":null}}}}}}}}},"DecideAction":{"count":64901,"self":899.98428159999992,"total":899.984295,"children":null},"AgentAct":{"count":64901,"self":1.2743879999999999,"total":1.4316179999999998,"children":{"GridSensor.Update":{"count":139,"self":0.072744,"total":0.072744,"children":null},"AgentInfo.ToProto":{"count":139,"self":0.000873,"total":0.084485999999999992,"children":{"GenerateSensorData":{"count":139,"self":0.004822,"total":0.083612999999999993,"children":{"CameraSensor.GetCompressedObservation":{"count":139,"self":0.069596999999999992,"total":0.069596999999999992,"children":null},"GridSensor.GetCompressedObservation":{"count":139,"self":0.0088069999999999989,"total":0.0088069999999999989,"children":null},"RayPerceptionSensor.Perceive":{"count":139,"self":0.000387,"total":0.000387,"children":null}}}}}}},"GridSensor.Update":{"count":588,"self":0.301,"total":0.301,"children":null},"AgentInfo.ToProto":{"count":588,"self":0.003918,"total":0.348827,"children":{"GenerateSensorData":{"count":588,"self":0.02105,"total":0.34490899999999997,"children":{"CameraSensor.GetCompressedObservation":{"count":588,"self":0.28536,"total":0.28536,"children":null},"GridSensor.GetCompressedObservation":{"count":588,"self":0.036941,"total":0.036941,"children":null},"RayPerceptionSensor.Perceive":{"count":588,"self":0.001558,"total":0.001558,"children":null}}}}}},"gauges":{"MyBehavior.CumulativeReward":{"count":727,"max":203.100128,"min":-423.153381,"runningAverage":-20.3369637,"value":87.25,"weightedAverage":-33.83898}},"metadata":{"timer_format_version":"0.1.0","start_time_seconds":"1769983712","unity_version":"6000.0.62f1","command_line_arguments":"\/Applications\/Unity\/Hub\/Editor\/6000.0.62f1\/Unity.app\/Contents\/MacOS\/Unity -projectpath \/Users\/ldemaio\/Documents\/GitHub\/MLAgentsTest -acceptSoftwareTermsForThisRunOnly -useHub -hubIPC -cloudEnvironment production","communication_protocol_version":"1.5.0","com.unity.ml-agents_version":"4.0.0","scene_name":"SampleScene","end_time_seconds":"1769985422"}}