{"count":1,"self":6.7860759999999996,"total":269.881242,"children":{"InitializeActuators":{"count":8,"self":0.00067999999999999994,"total":0.00067999999999999994,"children":null},"InitializeSensors":{"count":8,"self":0.0023899999999999998,"total":0.0023899999999999998,"children":null},"AgentSendState":{"count":14467,"self":37.4881696,"total":49.791892,"children":{"GridSensor.Update":{"count":23152,"self":5.2986792,"total":5.298679,"children":null},"CollectObservations":{"count":23152,"self":0.041319999999999996,"total":0.041319999999999996,"children":null},"WriteActionMask":{"count":23152,"self":0.011406999999999999,"total":0.011406999999999999,"children":null},"RequestDecision":{"count":23152,"self":0.072693,"total":6.952315,"children":{"AgentInfo.ToProto":{"count":23152,"self":0.050707999999999996,"total":6.8796219999999995,"children":{"GenerateSensorData":{"count":23152,"self":0.369616,"total":6.8289139999999993,"children":{"CameraSensor.GetCompressedObservation":{"count":23152,"self":5.8155047999999994,"total":5.815505,"children":null},"GridSensor.GetCompressedObservation":{"count":23152,"self":0.612911,"total":0.612911,"children":null},"RayPerceptionSensor.Perceive":{"count":23152,"self":0.030882,"total":0.030882,"children":null}}}}}}}}},"DecideAction":{"count":14467,"self":213.0750976,"total":213.075096,"children":null},"AgentAct":{"count":14467,"self":0.171008,"total":0.171008,"children":null},"GridSensor.Update":{"count":77,"self":0.023698999999999998,"total":0.023698999999999998,"children":null},"AgentInfo.ToProto":{"count":77,"self":0.000355,"total":0.029928999999999997,"children":{"GenerateSensorData":{"count":77,"self":0.002057,"total":0.029574,"children":{"CameraSensor.GetCompressedObservation":{"count":77,"self":0.024600999999999998,"total":0.024600999999999998,"children":null},"GridSensor.GetCompressedObservation":{"count":77,"self":0.002754,"total":0.002754,"children":null},"RayPerceptionSensor.Perceive":{"count":77,"self":0.00016199999999999998,"total":0.00016199999999999998,"children":null}}}}}},"gauges":{"MyBehavior.CumulativeReward":{"count":77,"max":18.0134716,"min":-21.5019875,"runningAverage":-2.41204047,"value":-1.837024,"weightedAverage":-2.699717}},"metadata":{"timer_format_version":"0.1.0","start_time_seconds":"1770746803","unity_version":"6000.0.62f1","command_line_arguments":"\/Applications\/Unity\/Hub\/Editor\/6000.0.62f1\/Unity.app\/Contents\/MacOS\/Unity -projectpath \/Users\/laurendemaio\/Documents\/GitHub\/MLAgentsTest -acceptSoftwareTermsForThisRunOnly -useHub -hubIPC -cloudEnvironment production","communication_protocol_version":"1.5.0","com.unity.ml-agents_version":"4.0.0","scene_name":"SampleScene","end_time_seconds":"1770747072"}}