{"count":1,"self":6283.6260864,"total":26319.689355,"children":{"InitializeActuators":{"count":12,"self":0.0005,"total":0.0005,"children":null},"InitializeSensors":{"count":12,"self":0.00081299999999999992,"total":0.00081299999999999992,"children":null},"AgentSendState":{"count":13342839,"self":708.2681344,"total":953.211057,"children":{"CollectObservations":{"count":32022816,"self":27.082329599999998,"total":27.08233,"children":null},"WriteActionMask":{"count":32022816,"self":8.4436096,"total":8.44361,"children":null},"RequestDecision":{"count":32022816,"self":37.8323712,"total":209.41696199999998,"children":{"AgentInfo.ToProto":{"count":32022816,"self":31.058624,"total":171.584592,"children":{"GenerateSensorData":{"count":32022816,"self":112.94215679999999,"total":140.525968,"children":{"RayPerceptionSensor.Perceive":{"count":32022816,"self":27.583814399999998,"total":27.583814999999998,"children":null}}}}}}}}},"DecideAction":{"count":13342839,"self":18980.010393599998,"total":18980.010232,"children":null},"AgentAct":{"count":13342839,"self":101.3061568,"total":101.30703899999999,"children":{"AgentInfo.ToProto":{"count":106,"self":0.00017099999999999998,"total":0.000882,"children":{"GenerateSensorData":{"count":106,"self":0.000579,"total":0.00071099999999999994,"children":{"RayPerceptionSensor.Perceive":{"count":106,"self":0.00013199999999999998,"total":0.00013199999999999998,"children":null}}}}}}},"AgentInfo.ToProto":{"count":168415,"self":0.347863,"total":1.53348,"children":{"GenerateSensorData":{"count":168415,"self":0.973679,"total":1.185617,"children":{"RayPerceptionSensor.Perceive":{"count":168415,"self":0.211938,"total":0.211938,"children":null}}}}}},"gauges":{"MyBehavior.CumulativeReward":{"count":168521,"max":12.5600138,"min":-10,"runningAverage":6.054925,"value":7.03992462,"weightedAverage":6.70471954}},"metadata":{"timer_format_version":"0.1.0","start_time_seconds":"1771084052","unity_version":"6000.0.62f1","command_line_arguments":"\/Applications\/Unity\/Hub\/Editor\/6000.0.62f1\/Unity.app\/Contents\/MacOS\/Unity -projectpath \/Users\/laurendemaio\/Documents\/GitHub\/MLAgentsTest -acceptSoftwareTermsForThisRunOnly -useHub -hubIPC -cloudEnvironment production","communication_protocol_version":"1.5.0","com.unity.ml-agents_version":"4.0.0","scene_name":"SampleScene","end_time_seconds":"1771110371"}}