{"count":1,"self":239.4086912,"total":1006.8092419999999,"children":{"InitializeActuators":{"count":12,"self":0.000842,"total":0.000842,"children":null},"InitializeSensors":{"count":12,"self":0.0010379999999999999,"total":0.0010379999999999999,"children":null},"AgentSendState":{"count":435517,"self":26.9040704,"total":36.662419,"children":{"CollectObservations":{"count":1045248,"self":1.152564,"total":1.152564,"children":null},"WriteActionMask":{"count":1045248,"self":0.311884,"total":0.311884,"children":null},"RequestDecision":{"count":1045248,"self":1.483269,"total":8.2938999999999989,"children":{"AgentInfo.ToProto":{"count":1045248,"self":1.1477389999999998,"total":6.810631,"children":{"GenerateSensorData":{"count":1045248,"self":4.60035,"total":5.6628919999999994,"children":{"RayPerceptionSensor.Perceive":{"count":1045248,"self":1.0625419999999999,"total":1.0625419999999999,"children":null}}}}}}}}},"DecideAction":{"count":435517,"self":726.9021696,"total":726.902157,"children":null},"AgentAct":{"count":435517,"self":3.775606,"total":3.776112,"children":{"AgentInfo.ToProto":{"count":48,"self":0.000102,"total":0.00050599999999999994,"children":{"GenerateSensorData":{"count":48,"self":0.00033999999999999997,"total":0.000404,"children":{"RayPerceptionSensor.Perceive":{"count":48,"self":6.4E-05,"total":6.4E-05,"children":null}}}}}}},"AgentInfo.ToProto":{"count":5302,"self":0.013732999999999999,"total":0.057756999999999996,"children":{"GenerateSensorData":{"count":5302,"self":0.036571,"total":0.044024,"children":{"RayPerceptionSensor.Perceive":{"count":5302,"self":0.0074529999999999996,"total":0.0074529999999999996,"children":null}}}}}},"gauges":{"MyBehavior.CumulativeReward":{"count":5350,"max":25.8905144,"min":-20.6002026,"runningAverage":7.06268644,"value":11.9381208,"weightedAverage":9.635528}},"metadata":{"timer_format_version":"0.1.0","start_time_seconds":"1770760141","unity_version":"6000.0.62f1","command_line_arguments":"\/Applications\/Unity\/Hub\/Editor\/6000.0.62f1\/Unity.app\/Contents\/MacOS\/Unity -projectpath \/Users\/carmine\/Documents\/Development\/MLAgentsTest -acceptSoftwareTermsForThisRunOnly -useHub -hubIPC -cloudEnvironment production","communication_protocol_version":"1.5.0","com.unity.ml-agents_version":"4.0.0","scene_name":"SampleScene","end_time_seconds":"1770761148"}}