{"count":1,"self":1073.4671872,"total":4763.753114,"children":{"InitializeActuators":{"count":12,"self":0.00083,"total":0.00083,"children":null},"InitializeSensors":{"count":12,"self":0.00086,"total":0.00086,"children":null},"AgentSendState":{"count":2426568,"self":157.7477504,"total":214.66871999999998,"children":{"CollectObservations":{"count":5823768,"self":6.2765439999999995,"total":6.2765439999999995,"children":null},"WriteActionMask":{"count":5823768,"self":1.8937599999999999,"total":1.8937599999999999,"children":null},"RequestDecision":{"count":5823768,"self":8.7340568,"total":48.750665999999995,"children":{"AgentInfo.ToProto":{"count":5823768,"self":7.1832471999999994,"total":40.016608999999995,"children":{"GenerateSensorData":{"count":5823768,"self":25.834233599999997,"total":32.833362,"children":{"RayPerceptionSensor.Perceive":{"count":5823768,"self":6.999128,"total":6.999128,"children":null}}}}}}}}},"DecideAction":{"count":2426568,"self":3451.2166912,"total":3451.216809,"children":null},"AgentAct":{"count":2426568,"self":24.070092799999998,"total":24.071303999999998,"children":{"AgentInfo.ToProto":{"count":94,"self":0.00025499999999999996,"total":0.001212,"children":{"GenerateSensorData":{"count":94,"self":0.000784,"total":0.000957,"children":{"RayPerceptionSensor.Perceive":{"count":94,"self":0.000173,"total":0.000173,"children":null}}}}}}},"AgentInfo.ToProto":{"count":26128,"self":0.080869,"total":0.327218,"children":{"GenerateSensorData":{"count":26128,"self":0.199464,"total":0.24634899999999998,"children":{"RayPerceptionSensor.Perceive":{"count":26128,"self":0.046884999999999996,"total":0.046884999999999996,"children":null}}}}}},"gauges":{"MyBehavior.CumulativeReward":{"count":26222,"max":11.3026924,"min":-10,"runningAverage":5.90939665,"value":6.358488,"weightedAverage":6.51118565}},"metadata":{"timer_format_version":"0.1.0","start_time_seconds":"1771187183","unity_version":"6000.0.62f1","command_line_arguments":"\/Applications\/Unity\/Hub\/Editor\/6000.0.62f1\/Unity.app\/Contents\/MacOS\/Unity -projectpath \/Users\/laurendemaio\/Documents\/GitHub\/MLAgentsTest -acceptSoftwareTermsForThisRunOnly -useHub -hubIPC -cloudEnvironment production","communication_protocol_version":"1.5.0","com.unity.ml-agents_version":"4.0.0","scene_name":"SampleScene","end_time_seconds":"1771191947"}}