{"count":1,"self":208.6688256,"total":12666.904224,"children":{"InitializeActuators":{"count":24,"self":0.00080499999999999994,"total":0.00080499999999999994,"children":null},"InitializeSensors":{"count":24,"self":0.002943,"total":0.002943,"children":null},"AgentSendState":{"count":266034,"self":2135.4838016,"total":2876.1217229999997,"children":{"GridSensor.Update":{"count":1276968,"self":339.3129728,"total":339.312983,"children":null},"CollectObservations":{"count":1276968,"self":2.376441,"total":2.376441,"children":null},"WriteActionMask":{"count":1276968,"self":0.630131,"total":0.630131,"children":null},"RequestDecision":{"count":1276968,"self":3.7414568,"total":398.318312,"children":{"AgentInfo.ToProto":{"count":1276968,"self":3.079601,"total":394.57685499999997,"children":{"GenerateSensorData":{"count":1276968,"self":17.7831296,"total":391.497254,"children":{"CameraSensor.GetCompressedObservation":{"count":1276968,"self":339.55568639999996,"total":339.555689,"children":null},"GridSensor.GetCompressedObservation":{"count":1276968,"self":34.1584352,"total":34.158435,"children":null}}}}}}}}},"DecideAction":{"count":266034,"self":9569.386496,"total":9569.386645999999,"children":null},"AgentAct":{"count":266034,"self":4.2471271999999995,"total":4.2862909999999994,"children":{"GridSensor.Update":{"count":29,"self":0.019018,"total":0.019018,"children":null},"AgentInfo.ToProto":{"count":29,"self":0.000242,"total":0.020146,"children":{"GenerateSensorData":{"count":29,"self":0.001129,"total":0.019903999999999998,"children":{"CameraSensor.GetCompressedObservation":{"count":29,"self":0.016989999999999998,"total":0.016989999999999998,"children":null},"GridSensor.GetCompressedObservation":{"count":29,"self":0.001785,"total":0.001785,"children":null}}}}}}},"GridSensor.Update":{"count":6578,"self":4.118306,"total":4.118306,"children":null},"AgentInfo.ToProto":{"count":6578,"self":0.049790999999999995,"total":4.31828,"children":{"GenerateSensorData":{"count":6578,"self":0.242835,"total":4.268489,"children":{"CameraSensor.GetCompressedObservation":{"count":6578,"self":3.6403512,"total":3.640351,"children":null},"GridSensor.GetCompressedObservation":{"count":6578,"self":0.385303,"total":0.385303,"children":null}}}}}},"gauges":{"MyBehavior.CumulativeReward":{"count":6607,"max":21.6253357,"min":-22.89423,"runningAverage":4.492273,"value":9.744089,"weightedAverage":8.916981}},"metadata":{"timer_format_version":"0.1.0","start_time_seconds":"1770215671","unity_version":"6000.0.62f1","command_line_arguments":"\/Applications\/Unity\/Hub\/Editor\/6000.0.62f1\/Unity.app\/Contents\/MacOS\/Unity -projectpath \/Users\/laurendemaio\/Documents\/GitHub\/MLAgentsTest -acceptSoftwareTermsForThisRunOnly -useHub -hubIPC -cloudEnvironment production","communication_protocol_version":"1.5.0","com.unity.ml-agents_version":"4.0.0","scene_name":"SampleScene","end_time_seconds":"1770228337"}}