{"count":1,"self":1.988645,"total":3.042928,"children":{"InitializeActuators":{"count":24,"self":0.00060399999999999994,"total":0.00060399999999999994,"children":null},"InitializeSensors":{"count":24,"self":0.003266,"total":0.003266,"children":null},"AgentSendState":{"count":120,"self":0.761415,"total":1.002964,"children":{"GridSensor.Update":{"count":576,"self":0.116119,"total":0.116119,"children":null},"CollectObservations":{"count":576,"self":0.00074199999999999993,"total":0.00074199999999999993,"children":null},"WriteActionMask":{"count":576,"self":0.000266,"total":0.000266,"children":null},"RequestDecision":{"count":576,"self":0.002688,"total":0.12442199999999999,"children":{"CameraSensor.GetCompressedObservation":{"count":576,"self":0.11075399999999999,"total":0.11075399999999999,"children":null},"GridSensor.GetCompressedObservation":{"count":576,"self":0.010393999999999999,"total":0.010393999999999999,"children":null},"RayPerceptionSensor.Perceive":{"count":576,"self":0.00058599999999999993,"total":0.00058599999999999993,"children":null}}}}},"DecideAction":{"count":120,"self":0.043803999999999996,"total":0.043803999999999996,"children":null},"AgentAct":{"count":120,"self":0.00095099999999999991,"total":0.00095099999999999991,"children":null},"GridSensor.Update":{"count":6,"self":0.0012439999999999999,"total":0.0012439999999999999,"children":null},"CameraSensor.GetCompressedObservation":{"count":6,"self":0.001132,"total":0.001132,"children":null},"GridSensor.GetCompressedObservation":{"count":6,"self":0.000111,"total":0.000111,"children":null},"RayPerceptionSensor.Perceive":{"count":6,"self":4.9999999999999996E-06,"total":4.9999999999999996E-06,"children":null}},"gauges":{"MyBehavior.CumulativeReward":{"count":6,"max":1.8,"min":-7.499999,"runningAverage":-0.9583332,"value":-7.499999,"weightedAverage":-1.42148423}},"metadata":{"timer_format_version":"0.1.0","start_time_seconds":"1770036053","unity_version":"6000.0.62f1","command_line_arguments":"\/Applications\/Unity\/Hub\/Editor\/6000.0.62f1\/Unity.app\/Contents\/MacOS\/Unity -projectpath \/Users\/ldemaio\/Documents\/GitHub\/MLAgentsTest -acceptSoftwareTermsForThisRunOnly -useHub -hubIPC -cloudEnvironment production","communication_protocol_version":"1.5.0","com.unity.ml-agents_version":"4.0.0","scene_name":"SampleScene","end_time_seconds":"1770036056"}}